[{
    "menuId": 1,
    "tasmanAppId": 2,
    "name": "Dashboard",
    "description": null,
    "parent": 0,
    "active": true,
    "icon": "fa-dashboard",
    "url": "/dashboard/home",
    "isButton": false,
    "buttonStyle": null,
    "leaf": true,
    "show": true
},{
    "menuId": 2,
    "tasmanAppId": 2,
    "name": "Configuration",
    "description": null,
    "parent": 0,
    "active": true,
    "icon": "fa-gear",
    "url": "/configuration/home",
    "isButton": false,
    "buttonStyle": null,
    "leaf": true,
    "show": true
},{
    "menuId": 3,
    "tasmanAppId": 2,
    "name": "Catalogs",
    "description": null,
    "parent": 0,
    "active": true,
    "icon": "fa-th-list",
    "url": "/catalog/home",
    "isButton": false,
    "buttonStyle": null,
    "leaf": true,
    "show": true
},{
    "menuId": 4,
    "tasmanAppId": 2,
    "name": "Production",
    "description": null,
    "parent": 0,
    "active": true,
    "icon": "fa-gears",
    "url": "/production/home",
    "isButton": false,
    "buttonStyle": null,
    "leaf": true,
    "show": true
}]